,img_name,left,center,right
0,65433b66-b2c7-11e9-b80b-701ce7d4d766,0,0,0
1,69efccc8-b2c7-11e9-a4b8-701ce7d4d766,1,0,0
2,721d144a-b2c7-11e9-bea5-701ce7d4d766,1,1,0
3,7464830a-b2c7-11e9-b334-701ce7d4d766,1,1,1
4,7544c98c-b2c7-11e9-8913-701ce7d4d766,0,0,1
5,762abdf0-b2c7-11e9-bd50-701ce7d4d766,1,1,0
6,774ccc1c-b2c7-11e9-8a98-701ce7d4d766,1,1,1
7,78d2b19e-b2c7-11e9-b944-701ce7d4d766,0,0,0
8,7da3923e-b2c7-11e9-9f58-701ce7d4d766,1,0,1
9,7e9ae470-b2c7-11e9-817c-701ce7d4d766,0,0,0
10,8076de4a-b2c7-11e9-8d8e-701ce7d4d766,1,0,0
11,81270d2c-b2c7-11e9-a115-701ce7d4d766,1,0,0
12,82be3830-b2c7-11e9-a7dc-701ce7d4d766,0,1,0
13,841241b6-b2c7-11e9-bc07-701ce7d4d766,0,1,1
14,850dcff8-b2c7-11e9-81e7-701ce7d4d766,1,0,0
15,862073b4-b2c7-11e9-be33-701ce7d4d766,0,0,0
16,872ffaa6-b2c7-11e9-a5b6-701ce7d4d766,0,0,1
17,88518298-b2c7-11e9-b6fd-701ce7d4d766,0,0,0
18,88f88e12-b2c7-11e9-b1f1-701ce7d4d766,0,0,0
19,8a0ea1d8-b2c7-11e9-8e91-701ce7d4d766,1,1,0
20,8ae9ad76-b2c7-11e9-bb2f-701ce7d4d766,0,0,0
21,8bdd5df6-b2c7-11e9-8982-701ce7d4d766,1,1,0
22,8cbb66ee-b2c7-11e9-98b9-701ce7d4d766,0,0,0
23,8d835ad8-b2c7-11e9-b403-701ce7d4d766,1,1,0
24,8e47479c-b2c7-11e9-926a-701ce7d4d766,1,0,0
25,8f8f40f0-b2c7-11e9-a512-701ce7d4d766,1,0,0
26,907e544c-b2c7-11e9-92bc-701ce7d4d766,1,1,0
27,9150b7d2-b2c7-11e9-a009-701ce7d4d766,0,0,0
28,92abffba-b2c7-11e9-aaa0-701ce7d4d766,1,1,0
29,9550cede-b2c7-11e9-9b0a-701ce7d4d766,1,1,1
30,961de0a8-b2c7-11e9-bcb6-701ce7d4d766,0,0,0
31,97530524-b2c7-11e9-a807-701ce7d4d766,1,1,0
32,98c763ee-b2c7-11e9-bdb3-701ce7d4d766,1,1,1
33,9991fc54-b2c7-11e9-8600-701ce7d4d766,1,1,0
34,9a8f16b8-b2c7-11e9-9ec5-701ce7d4d766,1,1,0
35,9b3fa318-b2c7-11e9-9d14-701ce7d4d766,1,1,0
36,9d5875ac-b2c7-11e9-a622-701ce7d4d766,0,0,0
37,ac890098-b2c7-11e9-993b-701ce7d4d766,1,0,0
38,ad4c7e7a-b2c7-11e9-84c5-701ce7d4d766,1,1,0
39,ae3f29ae-b2c7-11e9-aa8d-701ce7d4d766,0,0,1
40,b0283ad4-b2c7-11e9-962d-701ce7d4d766,0,0,0
41,b105b1d0-b2c7-11e9-9f1f-701ce7d4d766,0,0,1
42,b1bf20dc-b2c7-11e9-ae05-701ce7d4d766,1,0,0
43,b2d17476-b2c7-11e9-a6cd-701ce7d4d766,1,1,1
44,b3859a68-b2c7-11e9-8829-701ce7d4d766,0,0,1
45,b4a4dd24-b2c7-11e9-8208-701ce7d4d766,1,1,0
46,b5aa3d94-b2c7-11e9-a079-701ce7d4d766,0,0,0
47,b68a5a0a-b2c7-11e9-9a23-701ce7d4d766,0,0,0
48,b882a110-b2c7-11e9-9542-701ce7d4d766,1,1,0
49,b9cc10be-b2c7-11e9-99dd-701ce7d4d766,0,0,0
50,bacd6a24-b2c7-11e9-b633-701ce7d4d766,0,1,1
51,bbc94eda-b2c7-11e9-bbb6-701ce7d4d766,1,1,0
52,bc87eb90-b2c7-11e9-b46b-701ce7d4d766,1,0,1
53,bd41b4b0-b2c7-11e9-b856-701ce7d4d766,0,0,1
54,be2d95f4-b2c7-11e9-9b09-701ce7d4d766,1,1,1
55,bf070088-b2c7-11e9-91de-701ce7d4d766,1,1,0
56,c068f14c-b2c7-11e9-a04a-701ce7d4d766,0,0,0
57,c13795a8-b2c7-11e9-8172-701ce7d4d766,1,1,0
58,c2295d22-b2c7-11e9-9f3f-701ce7d4d766,1,1,1
59,c36a2bb6-b2c7-11e9-a2ba-701ce7d4d766,1,0,1
60,df9d5d28-b2c7-11e9-9dae-701ce7d4d766,0,0,0
61,e0738d14-b2c7-11e9-9cd7-701ce7d4d766,1,1,0
62,e138cc76-b2c7-11e9-b7d7-701ce7d4d766,0,1,1
63,e22da92e-b2c7-11e9-a509-701ce7d4d766,1,1,0
64,e2f91852-b2c7-11e9-a07f-701ce7d4d766,1,0,0
65,e3f6ea9c-b2c7-11e9-b29f-701ce7d4d766,1,1,1
66,e4d6220c-b2c7-11e9-b0b5-701ce7d4d766,0,0,1
67,e5b34746-b2c7-11e9-b464-701ce7d4d766,0,0,0
68,e695f84a-b2c7-11e9-b4cb-701ce7d4d766,0,0,1
69,e80ae6ae-b2c7-11e9-920c-701ce7d4d766,1,1,0
70,e8e30b08-b2c7-11e9-b258-701ce7d4d766,0,0,1
71,e996451a-b2c7-11e9-ba8c-701ce7d4d766,0,0,0
72,ea80cf62-b2c7-11e9-9d6c-701ce7d4d766,0,1,0
73,eb51513e-b2c7-11e9-ac56-701ce7d4d766,0,0,0
74,ecbe8582-b2c7-11e9-946d-701ce7d4d766,1,1,0
75,ede0027a-b2c7-11e9-937b-701ce7d4d766,0,0,0
76,ee9985e2-b2c7-11e9-828c-701ce7d4d766,1,1,0
77,f0421e5a-b2c7-11e9-88a1-701ce7d4d766,0,1,0
78,03875ce2-b2c8-11e9-a91b-701ce7d4d766,1,1,0
79,05131962-b2c8-11e9-ac8a-701ce7d4d766,1,1,0
80,061fcc7a-b2c8-11e9-a277-701ce7d4d766,0,0,1
81,0850a4c2-b2c8-11e9-9c20-701ce7d4d766,1,1,1
82,08fd7c4c-b2c8-11e9-a100-701ce7d4d766,0,0,0
83,09c1e6b6-b2c8-11e9-af01-701ce7d4d766,1,0,0
84,0a4e2e80-b2c8-11e9-bfd2-701ce7d4d766,1,0,0
85,0b0b6fe6-b2c8-11e9-b36f-701ce7d4d766,0,0,0
86,0bccb312-b2c8-11e9-bd50-701ce7d4d766,0,0,0
87,0cca3698-b2c8-11e9-8785-701ce7d4d766,1,0,0
88,0e4a3130-b2c8-11e9-837d-701ce7d4d766,1,1,0
89,0ff3403e-b2c8-11e9-afd6-701ce7d4d766,1,1,0
90,10c518de-b2c8-11e9-a8ad-701ce7d4d766,0,1,0
91,11939266-b2c8-11e9-ac85-701ce7d4d766,1,1,0
92,1243716c-b2c8-11e9-9b75-701ce7d4d766,0,1,0
93,13b70888-b2c8-11e9-b566-701ce7d4d766,0,0,0
94,14a89cae-b2c8-11e9-b49e-701ce7d4d766,1,1,0
95,160bbce8-b2c8-11e9-b5d8-701ce7d4d766,1,1,0
96,16cb8d9e-b2c8-11e9-9992-701ce7d4d766,0,0,0
97,17acabec-b2c8-11e9-974f-701ce7d4d766,0,0,1
98,1966b776-b2c8-11e9-84c1-701ce7d4d766,0,0,0
99,1b1fca92-b2c8-11e9-a489-701ce7d4d766,1,0,0
100,1bfd5f92-b2c8-11e9-928c-701ce7d4d766,0,0,0
101,1d7ee7dc-b2c8-11e9-a44b-701ce7d4d766,1,1,1
102,1e4e04ba-b2c8-11e9-9cff-701ce7d4d766,1,0,0
103,217de14c-b2c8-11e9-a9b5-701ce7d4d766,0,0,0
104,21de879a-b2c8-11e9-86e7-701ce7d4d766,0,0,0
105,228cdeb4-b2c8-11e9-af3f-701ce7d4d766,1,0,0
106,232ecbd0-b2c8-11e9-baa7-701ce7d4d766,0,0,0
107,23bb2fe8-b2c8-11e9-bec7-701ce7d4d766,0,0,0
108,24591bf8-b2c8-11e9-99be-701ce7d4d766,0,1,0
109,25108a9e-b2c8-11e9-a5fa-701ce7d4d766,0,1,0
110,25e40198-b2c8-11e9-a955-701ce7d4d766,0,0,0
111,27a9fffa-b2c8-11e9-a1a2-701ce7d4d766,0,1,1
112,28fa70f8-b2c8-11e9-a3dd-701ce7d4d766,1,1,0
113,2a1ffb28-b2c8-11e9-8eb0-701ce7d4d766,1,1,0
114,2b57f29e-b2c8-11e9-8740-701ce7d4d766,0,0,0
115,2c44c934-b2c8-11e9-9032-701ce7d4d766,1,1,1
116,2cc50d3e-b2c8-11e9-9d97-701ce7d4d766,1,1,1
117,2d26fac8-b2c8-11e9-8d29-701ce7d4d766,1,1,1
118,2ed1a1c8-b2c8-11e9-86cf-701ce7d4d766,1,1,1
119,2f57bde2-b2c8-11e9-ad8c-701ce7d4d766,1,1,1
120,302ba38a-b2c8-11e9-9382-701ce7d4d766,0,0,1
121,31558866-b2c8-11e9-a97c-701ce7d4d766,1,0,1
122,31f5327e-b2c8-11e9-bf1a-701ce7d4d766,0,0,1
123,32c4fcd2-b2c8-11e9-a4dd-701ce7d4d766,1,1,1
124,33a57640-b2c8-11e9-8f50-701ce7d4d766,1,0,0
125,3476180a-b2c8-11e9-bf61-701ce7d4d766,0,0,0
126,35660834-b2c8-11e9-993b-701ce7d4d766,1,1,1
127,3630393e-b2c8-11e9-b664-701ce7d4d766,1,0,1
128,3760db7a-b2c8-11e9-87aa-701ce7d4d766,1,1,0
129,39474b54-b2c8-11e9-8928-701ce7d4d766,0,1,1
130,3a890aae-b2c8-11e9-bfae-701ce7d4d766,1,1,1
131,3b51d46e-b2c8-11e9-a075-701ce7d4d766,1,1,1
132,3bce3f76-b2c8-11e9-afbd-701ce7d4d766,1,1,1
133,3c335702-b2c8-11e9-a05e-701ce7d4d766,1,1,1
134,3c8fe3ee-b2c8-11e9-9517-701ce7d4d766,1,1,1
135,3cdf47d2-b2c8-11e9-a192-701ce7d4d766,1,1,1
136,3da8e3ee-b2c8-11e9-b6cb-701ce7d4d766,1,1,0
137,3e6f49d2-b2c8-11e9-b922-701ce7d4d766,0,0,0
138,3f1c0fc0-b2c8-11e9-b461-701ce7d4d766,1,1,1
139,3fba8d40-b2c8-11e9-820c-701ce7d4d766,0,0,0
140,40705f7a-b2c8-11e9-ae0c-701ce7d4d766,1,1,1
141,40dc330c-b2c8-11e9-a47b-701ce7d4d766,1,1,1
142,41801000-b2c8-11e9-bb4d-701ce7d4d766,0,0,0
143,423478f8-b2c8-11e9-b3ca-701ce7d4d766,1,1,1
144,42f61ef0-b2c8-11e9-9ed6-701ce7d4d766,1,0,1
145,4488f974-b2c8-11e9-bad1-701ce7d4d766,1,1,1
146,45376f92-b2c8-11e9-bebf-701ce7d4d766,0,0,1
147,46826a76-b2c8-11e9-80a7-701ce7d4d766,1,1,1
148,4768277e-b2c8-11e9-81d9-701ce7d4d766,1,1,1
149,48337dde-b2c8-11e9-b429-701ce7d4d766,1,1,0
150,48ff90b6-b2c8-11e9-ae13-701ce7d4d766,0,0,1
151,4a0dcda4-b2c8-11e9-9728-701ce7d4d766,1,1,0
152,4abd11b4-b2c8-11e9-a974-701ce7d4d766,0,0,1
153,4b719290-b2c8-11e9-8a1a-701ce7d4d766,0,0,0
154,50618c18-b2c8-11e9-8a3b-701ce7d4d766,1,0,0
155,51478e7e-b2c8-11e9-b5d7-701ce7d4d766,1,1,1
156,51ec4bf4-b2c8-11e9-bf1e-701ce7d4d766,1,0,1
157,53851040-b2c8-11e9-bb91-701ce7d4d766,1,1,1
158,5481ff28-b2c8-11e9-a44a-701ce7d4d766,0,0,0
159,55441eda-b2c8-11e9-8a90-701ce7d4d766,1,1,0
160,563cafc6-b2c8-11e9-acf2-701ce7d4d766,1,1,1
161,56b4e958-b2c8-11e9-9f29-701ce7d4d766,1,1,1
162,57716b02-b2c8-11e9-b8e9-701ce7d4d766,0,0,1
163,582eaab0-b2c8-11e9-87bd-701ce7d4d766,1,1,0
164,5904d252-b2c8-11e9-bc0f-701ce7d4d766,1,1,1
165,59a58264-b2c8-11e9-b862-701ce7d4d766,1,1,1
166,5a6daad2-b2c8-11e9-9fcd-701ce7d4d766,1,1,1
167,5b18a888-b2c8-11e9-ad34-701ce7d4d766,0,0,0
168,5ca12392-b2c8-11e9-a8a3-701ce7d4d766,0,0,0
169,5e8272ca-b2c8-11e9-b8a8-701ce7d4d766,0,0,0
170,5f3ee166-b2c8-11e9-afdf-701ce7d4d766,0,0,1
171,600e2bd0-b2c8-11e9-8f32-701ce7d4d766,1,1,0
172,60deaf24-b2c8-11e9-b98f-701ce7d4d766,1,1,1
173,61f68aee-b2c8-11e9-b445-701ce7d4d766,0,1,1
174,634fb0c2-b2c8-11e9-b8d4-701ce7d4d766,1,0,0
175,644fbfe8-b2c8-11e9-80d7-701ce7d4d766,0,1,1
176,6503cede-b2c8-11e9-98d1-701ce7d4d766,0,0,0
177,65b2f106-b2c8-11e9-b682-701ce7d4d766,0,0,1
178,66ca2e3e-b2c8-11e9-821b-701ce7d4d766,0,0,0
179,692f75ca-b2c8-11e9-8692-701ce7d4d766,0,0,0
180,6a2f5ea8-b2c8-11e9-aaad-701ce7d4d766,1,1,0
181,6b8def9e-b2c8-11e9-b92c-701ce7d4d766,1,0,1
182,6c33ac08-b2c8-11e9-89ca-701ce7d4d766,0,1,1
183,7d98cf02-b2c8-11e9-a475-701ce7d4d766,0,0,0
184,7e9a1a22-b2c8-11e9-bbb5-701ce7d4d766,1,1,1
185,7f9f38c6-b2c8-11e9-b258-701ce7d4d766,0,0,1
186,801dbab4-b2c8-11e9-ba72-701ce7d4d766,0,0,1
187,80dbf192-b2c8-11e9-b355-701ce7d4d766,1,1,0
188,81dd06a8-b2c8-11e9-909d-701ce7d4d766,0,0,1
189,82f1f9ee-b2c8-11e9-9252-701ce7d4d766,1,0,0
190,83a7fb34-b2c8-11e9-8924-701ce7d4d766,0,0,1
191,8592c658-b2c8-11e9-9871-701ce7d4d766,0,1,1
192,86c7ba1a-b2c8-11e9-9339-701ce7d4d766,0,0,0
193,875c0ce6-b2c8-11e9-a726-701ce7d4d766,0,0,0
194,88598612-b2c8-11e9-808e-701ce7d4d766,0,0,1
195,8951ff62-b2c8-11e9-8400-701ce7d4d766,1,1,1
196,89ec280a-b2c8-11e9-872a-701ce7d4d766,0,0,0
197,8a8de968-b2c8-11e9-a8b8-701ce7d4d766,1,1,1
198,8c18ca54-b2c8-11e9-b44f-701ce7d4d766,0,0,0
199,8eb8c1ca-b2c8-11e9-939a-701ce7d4d766,0,1,0
200,8f5c5662-b2c8-11e9-a6a1-701ce7d4d766,0,0,0
201,92ccf534-b2c8-11e9-8983-701ce7d4d766,1,1,1
202,939c09a4-b2c8-11e9-9a00-701ce7d4d766,0,0,0
203,94ab53b4-b2c8-11e9-8316-701ce7d4d766,0,0,0
204,955a391a-b2c8-11e9-9e26-701ce7d4d766,1,1,1
205,961090ae-b2c8-11e9-9fa3-701ce7d4d766,0,0,0
206,96aaf134-b2c8-11e9-aa4b-701ce7d4d766,1,1,1
207,9727df0c-b2c8-11e9-a536-701ce7d4d766,1,1,1
208,97c4f42e-b2c8-11e9-b44b-701ce7d4d766,1,1,1
209,988c0e54-b2c8-11e9-b482-701ce7d4d766,0,0,1
210,9dda5a76-b2c8-11e9-934b-701ce7d4d766,1,0,0
211,9e79f936-b2c8-11e9-9e9c-701ce7d4d766,0,0,0
212,9f3fdd90-b2c8-11e9-8d9f-701ce7d4d766,0,1,1
213,9fe97b58-b2c8-11e9-ac78-701ce7d4d766,0,0,0
214,a0a0a9e2-b2c8-11e9-bf75-701ce7d4d766,1,1,0
215,a18b9430-b2c8-11e9-a15c-701ce7d4d766,0,0,0
216,a21c80c0-b2c8-11e9-9207-701ce7d4d766,1,0,1
217,a2a782fa-b2c8-11e9-bd21-701ce7d4d766,0,0,0
218,a3d74fcc-b2c8-11e9-ac20-701ce7d4d766,1,0,1
219,a5b346fe-b2c8-11e9-a18f-701ce7d4d766,0,1,1
220,a70c8c38-b2c8-11e9-8a36-701ce7d4d766,0,0,0
221,a82ef774-b2c8-11e9-b08a-701ce7d4d766,0,0,0
222,a8e2a286-b2c8-11e9-8fd2-701ce7d4d766,0,0,0
223,a998f7ae-b2c8-11e9-8dc5-701ce7d4d766,1,0,1
224,aaf9c182-b2c8-11e9-ab62-701ce7d4d766,1,1,1
225,ac733126-b2c8-11e9-9369-701ce7d4d766,0,0,0
226,ae20fed2-b2c8-11e9-8475-701ce7d4d766,0,0,0
227,af364388-b2c8-11e9-b52d-701ce7d4d766,0,0,0
228,afd227fa-b2c8-11e9-ab64-701ce7d4d766,0,0,0
229,b0674e54-b2c8-11e9-a676-701ce7d4d766,0,0,0
230,b1403382-b2c8-11e9-ba57-701ce7d4d766,0,0,1
231,b5ee7f26-b2c8-11e9-a3e0-701ce7d4d766,0,0,0
232,b68f791e-b2c8-11e9-9af6-701ce7d4d766,0,0,0
233,b8b8a7c6-b2c8-11e9-b475-701ce7d4d766,0,0,0
234,ba2eb5c2-b2c8-11e9-bb16-701ce7d4d766,0,1,0
235,bb21f9fe-b2c8-11e9-8cfa-701ce7d4d766,1,1,0
236,bcfcd102-b2c8-11e9-89ec-701ce7d4d766,0,0,0
237,bf0b6334-b2c8-11e9-9a81-701ce7d4d766,0,0,0
238,c12af1ec-b2c8-11e9-a7c6-701ce7d4d766,0,1,1
239,c20ce876-b2c8-11e9-acc0-701ce7d4d766,1,1,0
240,c391ad36-b2c8-11e9-99ad-701ce7d4d766,0,0,1
241,c489b148-b2c8-11e9-ad0a-701ce7d4d766,1,1,1
242,c64310fe-b2c8-11e9-9c5e-701ce7d4d766,0,0,0
243,c6e858d2-b2c8-11e9-aced-701ce7d4d766,0,0,0
244,c7e46edc-b2c8-11e9-81eb-701ce7d4d766,1,1,1
245,c91c34f6-b2c8-11e9-b68d-701ce7d4d766,0,0,0
246,c9c79528-b2c8-11e9-9e06-701ce7d4d766,1,1,1
247,ca9b22ba-b2c8-11e9-8899-701ce7d4d766,0,0,0
248,cbf2dd36-b2c8-11e9-8e72-701ce7d4d766,0,1,1
249,e36b9390-b2c8-11e9-99c7-701ce7d4d766,0,0,0
250,e4fa6f0a-b2c8-11e9-a715-701ce7d4d766,0,0,1
251,e6e8e61a-b2c8-11e9-9712-701ce7d4d766,1,0,0
252,e7d1929e-b2c8-11e9-af62-701ce7d4d766,0,0,1
253,e824ff98-b2c8-11e9-9e77-701ce7d4d766,0,0,1
254,e880f368-b2c8-11e9-8dd1-701ce7d4d766,0,0,1
255,e90ba7b4-b2c8-11e9-88be-701ce7d4d766,0,0,1
256,e9b800ae-b2c8-11e9-a3bd-701ce7d4d766,1,1,0
257,ea6b6b1c-b2c8-11e9-a0fc-701ce7d4d766,0,0,1
258,eabce7ee-b2c8-11e9-bf0c-701ce7d4d766,0,0,1
259,eb8cb69c-b2c8-11e9-82ae-701ce7d4d766,0,1,1
260,ec82d9f4-b2c8-11e9-9241-701ce7d4d766,0,0,1
261,ee7ea46c-b2c8-11e9-b74c-701ce7d4d766,1,1,1
262,ef19c938-b2c8-11e9-90e4-701ce7d4d766,0,0,0
263,efa9a276-b2c8-11e9-870b-701ce7d4d766,1,1,1
264,f08ffc5c-b2c8-11e9-aa12-701ce7d4d766,1,1,1
265,f1f0886e-b2c8-11e9-b349-701ce7d4d766,1,1,1
266,f30870e2-b2c8-11e9-a4ef-701ce7d4d766,1,1,1
267,f397cf98-b2c8-11e9-9a73-701ce7d4d766,0,0,0
268,f447be5c-b2c8-11e9-8287-701ce7d4d766,0,0,1
269,f7986276-b2c8-11e9-a9ba-701ce7d4d766,0,1,1
270,f803dba8-b2c8-11e9-86b6-701ce7d4d766,0,1,1
271,f8d8d898-b2c8-11e9-9813-701ce7d4d766,1,1,1
272,f9d8228c-b2c8-11e9-a202-701ce7d4d766,1,0,0
273,fa7f10e2-b2c8-11e9-871a-701ce7d4d766,0,0,1
274,fb5a301a-b2c8-11e9-b286-701ce7d4d766,0,1,1
275,fbc172f0-b2c8-11e9-9d41-701ce7d4d766,0,1,1
276,fe9f4bb6-b2c8-11e9-a8be-701ce7d4d766,0,0,0
277,ff1aefd8-b2c8-11e9-a2f5-701ce7d4d766,0,0,0
278,ff961242-b2c8-11e9-b6f4-701ce7d4d766,0,0,0
279,fff7cc02-b2c8-11e9-97f9-701ce7d4d766,0,0,0
280,00719882-b2c9-11e9-8049-701ce7d4d766,0,0,0
281,01204612-b2c9-11e9-9105-701ce7d4d766,0,0,0
282,02035e18-b2c9-11e9-bd43-701ce7d4d766,0,1,1
283,02a87510-b2c9-11e9-9cdf-701ce7d4d766,0,0,0
284,032104de-b2c9-11e9-ad20-701ce7d4d766,0,0,0
285,0388cd1a-b2c9-11e9-8225-701ce7d4d766,0,0,0
286,04826bf6-b2c9-11e9-a9e0-701ce7d4d766,1,1,1
287,0512a0da-b2c9-11e9-a1f6-701ce7d4d766,0,0,0
288,05d8158a-b2c9-11e9-a89d-701ce7d4d766,1,1,1
289,06b98dde-b2c9-11e9-b13f-701ce7d4d766,0,0,0
290,072c500c-b2c9-11e9-bc2c-701ce7d4d766,0,0,0
291,086722f4-b2c9-11e9-a948-701ce7d4d766,1,1,1
292,08e3f5ba-b2c9-11e9-bc0b-701ce7d4d766,1,1,1
293,0d658238-b2c9-11e9-928b-701ce7d4d766,1,1,1
294,0e178cb6-b2c9-11e9-998c-701ce7d4d766,1,1,1
295,0ebfdbbe-b2c9-11e9-855e-701ce7d4d766,0,0,0
296,0fc63b86-b2c9-11e9-a7c2-701ce7d4d766,1,1,1
297,10cbd592-b2c9-11e9-bf12-701ce7d4d766,0,1,1
298,11d465ba-b2c9-11e9-8ad7-701ce7d4d766,1,0,0
299,139f0374-b2c9-11e9-9163-701ce7d4d766,1,0,1
300,14d5deba-b2c9-11e9-9df5-701ce7d4d766,0,0,1
301,1598c4e4-b2c9-11e9-922e-701ce7d4d766,0,0,0
302,167e8bb8-b2c9-11e9-8230-701ce7d4d766,0,0,0
303,171d4a86-b2c9-11e9-977a-701ce7d4d766,0,0,0
304,17dc4fec-b2c9-11e9-b725-701ce7d4d766,1,1,1
305,18bce146-b2c9-11e9-9cdd-701ce7d4d766,0,0,0
306,1985c8b0-b2c9-11e9-a386-701ce7d4d766,0,0,1
307,1aaa899a-b2c9-11e9-ad3e-701ce7d4d766,0,0,0
308,1b642f80-b2c9-11e9-ba5b-701ce7d4d766,0,0,1
309,1d8e32d0-b2c9-11e9-a1c2-701ce7d4d766,0,0,0
310,21fdfdf0-b2c9-11e9-8125-701ce7d4d766,0,0,0
311,22c2863e-b2c9-11e9-9494-701ce7d4d766,1,0,0
312,2648250a-b2c9-11e9-b43e-701ce7d4d766,0,1,1
313,275422c6-b2c9-11e9-89fa-701ce7d4d766,1,1,1
314,28302368-b2c9-11e9-bcbb-701ce7d4d766,0,1,1
315,28e1863a-b2c9-11e9-88eb-701ce7d4d766,0,0,0
316,299580ac-b2c9-11e9-8c4e-701ce7d4d766,0,1,1
317,2a96cc80-b2c9-11e9-8cec-701ce7d4d766,0,1,1
318,2ba91ec0-b2c9-11e9-9c0a-701ce7d4d766,0,0,0
319,2c5fc464-b2c9-11e9-97de-701ce7d4d766,0,1,1
320,2cf33558-b2c9-11e9-8d29-701ce7d4d766,0,0,1
321,2e08e042-b2c9-11e9-af59-701ce7d4d766,0,0,1
322,2efb2ae4-b2c9-11e9-a6c8-701ce7d4d766,1,1,1
323,2fc26a8a-b2c9-11e9-80b1-701ce7d4d766,0,0,0
324,3087268a-b2c9-11e9-8cd8-701ce7d4d766,0,0,0
325,3132f678-b2c9-11e9-b12d-701ce7d4d766,0,0,0
326,3210f95c-b2c9-11e9-861c-701ce7d4d766,0,0,0
327,3273af1e-b2c9-11e9-b8b7-701ce7d4d766,0,0,0
328,332f2b58-b2c9-11e9-8648-701ce7d4d766,0,0,0
329,34623c18-b2c9-11e9-bc3a-701ce7d4d766,1,1,1
330,3564f922-b2c9-11e9-a966-701ce7d4d766,1,0,0
331,36f9abee-b2c9-11e9-8aee-701ce7d4d766,0,1,1
332,37c9049e-b2c9-11e9-85ce-701ce7d4d766,1,1,1
333,384111f6-b2c9-11e9-8eba-701ce7d4d766,1,1,1
334,395f5f1e-b2c9-11e9-bf6f-701ce7d4d766,0,1,0
335,3b1a3514-b2c9-11e9-8efc-701ce7d4d766,1,0,0
336,3c6c527e-b2c9-11e9-98c1-701ce7d4d766,0,1,0
337,3dad8570-b2c9-11e9-aa5c-701ce7d4d766,1,1,0
338,40949ee4-b2c9-11e9-ad47-701ce7d4d766,0,1,1
339,4200e394-b2c9-11e9-a3e3-701ce7d4d766,1,0,0
340,4299a3cc-b2c9-11e9-ac51-701ce7d4d766,0,0,0
341,43735802-b2c9-11e9-919f-701ce7d4d766,0,0,0
342,443b4014-b2c9-11e9-a4c3-701ce7d4d766,0,0,1
343,448f0028-b2c9-11e9-98d3-701ce7d4d766,0,0,1
344,4552be86-b2c9-11e9-8f8d-701ce7d4d766,0,0,0
345,46192368-b2c9-11e9-ba6b-701ce7d4d766,0,0,1
346,46cc2092-b2c9-11e9-b556-701ce7d4d766,0,0,0
347,47d71b3e-b2c9-11e9-8c05-701ce7d4d766,0,0,0
348,484c118c-b2c9-11e9-b687-701ce7d4d766,0,0,0
349,491ca486-b2c9-11e9-86df-701ce7d4d766,0,0,1
350,49df6d9a-b2c9-11e9-886a-701ce7d4d766,1,1,1
351,4ab6bf2c-b2c9-11e9-9487-701ce7d4d766,0,0,1
352,4dacb84c-b2c9-11e9-b7f6-701ce7d4d766,0,0,0
353,4e92929c-b2c9-11e9-992d-701ce7d4d766,0,0,1
354,4f46e8d0-b2c9-11e9-89f7-701ce7d4d766,1,1,1
355,50145198-b2c9-11e9-aab3-701ce7d4d766,0,0,0
356,50dcea1c-b2c9-11e9-8474-701ce7d4d766,1,1,1
357,51c879d4-b2c9-11e9-b1c5-701ce7d4d766,0,0,0
358,52960536-b2c9-11e9-afc6-701ce7d4d766,1,0,0
359,536ed188-b2c9-11e9-83d8-701ce7d4d766,0,0,1
360,541fd44a-b2c9-11e9-93b7-701ce7d4d766,0,0,0
361,54cc162e-b2c9-11e9-8d93-701ce7d4d766,0,0,1
362,5583257e-b2c9-11e9-9e1f-701ce7d4d766,1,0,0
363,5687b34a-b2c9-11e9-9e36-701ce7d4d766,0,0,0
364,572024e6-b2c9-11e9-822d-701ce7d4d766,1,1,1
365,57c7a586-b2c9-11e9-8366-701ce7d4d766,0,0,0
366,58a51a90-b2c9-11e9-8cdd-701ce7d4d766,0,0,1
367,594ee208-b2c9-11e9-93bb-701ce7d4d766,0,0,0
368,5a65d1c2-b2c9-11e9-a548-701ce7d4d766,0,0,1
369,5b0918c6-b2c9-11e9-8508-701ce7d4d766,0,0,0
370,5c8f8bd0-b2c9-11e9-92a8-701ce7d4d766,1,0,1
371,5d614a5a-b2c9-11e9-906c-701ce7d4d766,0,0,1
372,5e5a6198-b2c9-11e9-97ec-701ce7d4d766,1,0,0
373,5f0a415c-b2c9-11e9-9b15-701ce7d4d766,1,1,1
374,5fc85bba-b2c9-11e9-8452-701ce7d4d766,0,0,1
375,603c21c8-b2c9-11e9-8f0b-701ce7d4d766,0,0,1
376,60d48986-b2c9-11e9-815d-701ce7d4d766,0,0,1
377,6190f778-b2c9-11e9-afab-701ce7d4d766,0,0,0
378,623efec6-b2c9-11e9-a270-701ce7d4d766,0,0,1
379,62f7f2e4-b2c9-11e9-abee-701ce7d4d766,0,0,1
380,65daca90-b2c9-11e9-a8ff-701ce7d4d766,0,1,1
381,685c5b2e-b2c9-11e9-a3f1-701ce7d4d766,0,0,0
382,695f9f48-b2c9-11e9-8174-701ce7d4d766,1,1,1
383,6a32c8ca-b2c9-11e9-986d-701ce7d4d766,0,0,0
384,6aad67ae-b2c9-11e9-8eba-701ce7d4d766,0,0,0
385,6b4605fe-b2c9-11e9-b86a-701ce7d4d766,0,0,0
386,6be7f678-b2c9-11e9-b173-701ce7d4d766,1,1,1
387,6d9e4e64-b2c9-11e9-8965-701ce7d4d766,1,0,0
388,6ed3429c-b2c9-11e9-a586-701ce7d4d766,0,0,0
389,6f692e2e-b2c9-11e9-a0c0-701ce7d4d766,0,0,0
390,70622436-b2c9-11e9-ac1a-701ce7d4d766,0,0,1
391,724603c6-b2c9-11e9-bfa3-701ce7d4d766,1,1,0
392,7323e25a-b2c9-11e9-8d13-701ce7d4d766,0,0,1
393,738eb9be-b2c9-11e9-ae67-701ce7d4d766,0,0,1
394,7524dcd4-b2c9-11e9-a45c-701ce7d4d766,0,1,0
395,762eeee8-b2c9-11e9-84cf-701ce7d4d766,1,0,1
396,76e3f6da-b2c9-11e9-b5c4-701ce7d4d766,0,0,1
397,78702d8c-b2c9-11e9-87fa-701ce7d4d766,1,1,0
398,796a3ba4-b2c9-11e9-8729-701ce7d4d766,0,0,0
399,79ea6b86-b2c9-11e9-b5fa-701ce7d4d766,0,0,0
400,7b41a782-b2c9-11e9-8cba-701ce7d4d766,0,0,1
401,7c523612-b2c9-11e9-9920-701ce7d4d766,0,0,0
402,7d705b4a-b2c9-11e9-bfd4-701ce7d4d766,0,0,0
403,7dff6112-b2c9-11e9-a04b-701ce7d4d766,0,0,0
404,7eea1bfe-b2c9-11e9-8857-701ce7d4d766,1,1,1
405,800ba0dc-b2c9-11e9-98e0-701ce7d4d766,0,0,1
406,80d949a4-b2c9-11e9-974e-701ce7d4d766,0,0,0
407,81727aa2-b2c9-11e9-b864-701ce7d4d766,0,0,0
408,82535230-b2c9-11e9-a8d0-701ce7d4d766,1,0,0
409,836406ba-b2c9-11e9-b41a-701ce7d4d766,0,0,0
410,83d60342-b2c9-11e9-9cad-701ce7d4d766,0,0,0
411,84c39f4c-b2c9-11e9-9ba2-701ce7d4d766,0,1,1
412,860597be-b2c9-11e9-8d6e-701ce7d4d766,0,0,1
413,86a8e5e2-b2c9-11e9-8e8f-701ce7d4d766,0,0,0
414,8782b28a-b2c9-11e9-bff0-701ce7d4d766,0,0,1
415,883982dc-b2c9-11e9-8cc1-701ce7d4d766,1,0,1
416,89061f9e-b2c9-11e9-af8e-701ce7d4d766,1,1,0
417,8ab78924-b2c9-11e9-ae7f-701ce7d4d766,1,0,0
418,8b6dc924-b2c9-11e9-ae8b-701ce7d4d766,0,0,0
419,8c2d23dc-b2c9-11e9-a34b-701ce7d4d766,1,0,0
420,90fba48a-b2c9-11e9-906d-701ce7d4d766,0,0,0
421,91b942d8-b2c9-11e9-9025-701ce7d4d766,1,0,0
422,938c5e82-b2c9-11e9-a021-701ce7d4d766,0,0,0
423,9409ef76-b2c9-11e9-b91c-701ce7d4d766,0,0,0
424,9aed9a98-b2c9-11e9-a49f-701ce7d4d766,0,0,0
425,9b604d9a-b2c9-11e9-9820-701ce7d4d766,0,0,0
426,9c8b8db4-b2c9-11e9-9fd7-701ce7d4d766,0,0,1
427,9d5725a8-b2c9-11e9-bd70-701ce7d4d766,0,0,0
428,9dd623fa-b2c9-11e9-a577-701ce7d4d766,0,0,0
429,9f945626-b2c9-11e9-b53d-701ce7d4d766,1,0,1
430,a04dbe8c-b2c9-11e9-b90a-701ce7d4d766,0,0,0
431,a1045a48-b2c9-11e9-a242-701ce7d4d766,1,0,0
432,a1ae84ca-b2c9-11e9-a502-701ce7d4d766,0,0,0
433,a206745e-b2c9-11e9-b41c-701ce7d4d766,0,0,0
434,a25cc94c-b2c9-11e9-8ee3-701ce7d4d766,0,0,0
435,a29d3c92-b2c9-11e9-bfea-701ce7d4d766,0,0,0
436,a3211946-b2c9-11e9-92ec-701ce7d4d766,0,0,0
437,a45f1e48-b2c9-11e9-8d4a-701ce7d4d766,1,1,1
438,a4fbca00-b2c9-11e9-9aa0-701ce7d4d766,0,0,0
439,a5be6452-b2c9-11e9-9339-701ce7d4d766,0,0,0
440,a6f8e5ae-b2c9-11e9-a93e-701ce7d4d766,0,0,0
441,a7b728c6-b2c9-11e9-a547-701ce7d4d766,1,1,1
442,a837c6e4-b2c9-11e9-ad5c-701ce7d4d766,1,1,1
443,a8e91c0a-b2c9-11e9-a291-701ce7d4d766,1,1,1
444,a97548cc-b2c9-11e9-bb85-701ce7d4d766,1,1,1
445,ab603b8c-b2c9-11e9-99ae-701ce7d4d766,1,1,0
446,acb2cee8-b2c9-11e9-85ff-701ce7d4d766,0,1,1
447,ad6c9ab6-b2c9-11e9-82d6-701ce7d4d766,0,0,1
448,adcbb8d4-b2c9-11e9-854b-701ce7d4d766,0,0,1
449,ae4d5680-b2c9-11e9-8413-701ce7d4d766,0,0,1
450,af80f326-b2c9-11e9-a7d7-701ce7d4d766,0,1,0
451,b07f4036-b2c9-11e9-a82e-701ce7d4d766,0,0,0
452,b17cfbc2-b2c9-11e9-ad0a-701ce7d4d766,0,0,0
453,b21a4300-b2c9-11e9-9cba-701ce7d4d766,0,0,0
454,b2c9041c-b2c9-11e9-919c-701ce7d4d766,0,1,1
455,b4100c3a-b2c9-11e9-81ee-701ce7d4d766,0,0,0
456,b462c378-b2c9-11e9-9abe-701ce7d4d766,0,0,0
457,b49f8a40-b2c9-11e9-b472-701ce7d4d766,0,0,0
458,b4d8769e-b2c9-11e9-b9e0-701ce7d4d766,0,0,0
459,b516043a-b2c9-11e9-aef6-701ce7d4d766,0,0,0
460,b54b9628-b2c9-11e9-bb69-701ce7d4d766,0,0,0
461,b6424eda-b2c9-11e9-ba54-701ce7d4d766,1,1,1
462,b70ef2ee-b2c9-11e9-9ba1-701ce7d4d766,1,0,0
463,b7761070-b2c9-11e9-bda5-701ce7d4d766,1,0,0
464,b7bd55ee-b2c9-11e9-b808-701ce7d4d766,1,0,0
465,b89577a8-b2c9-11e9-bfec-701ce7d4d766,1,0,0
466,b90aba2e-b2c9-11e9-9519-701ce7d4d766,1,0,0
467,b951689c-b2c9-11e9-8d76-701ce7d4d766,1,0,0
468,ba2c59fe-b2c9-11e9-8779-701ce7d4d766,0,0,0
469,bad300e8-b2c9-11e9-8b3a-701ce7d4d766,1,1,1
470,bb9ec8dc-b2c9-11e9-996b-701ce7d4d766,1,0,0
471,bc341f68-b2c9-11e9-9fc3-701ce7d4d766,1,0,0
472,bd0724a8-b2c9-11e9-8c75-701ce7d4d766,1,0,0
473,beeb47fa-b2c9-11e9-ba06-701ce7d4d766,1,1,0
474,c02c9414-b2c9-11e9-8aa4-701ce7d4d766,1,0,0
475,c0e2af30-b2c9-11e9-9948-701ce7d4d766,1,0,1
476,c1f7481a-b2c9-11e9-a1a4-701ce7d4d766,0,0,1
477,c2b477a8-b2c9-11e9-bcf4-701ce7d4d766,0,0,0
478,c32d3ac6-b2c9-11e9-9d09-701ce7d4d766,0,0,0
479,c3b82858-b2c9-11e9-91cc-701ce7d4d766,0,0,0
480,c48ff3d8-b2c9-11e9-945b-701ce7d4d766,1,1,1
481,c5622d5c-b2c9-11e9-8305-701ce7d4d766,1,0,0
482,c605dc8a-b2c9-11e9-9bb0-701ce7d4d766,1,0,0
483,c6f2995e-b2c9-11e9-b3a6-701ce7d4d766,0,0,0
484,c7a4565a-b2c9-11e9-a13b-701ce7d4d766,1,0,0
485,c8784c7e-b2c9-11e9-a537-701ce7d4d766,0,0,0
486,c93b9e0c-b2c9-11e9-891a-701ce7d4d766,1,0,0
487,ca535f28-b2c9-11e9-9355-701ce7d4d766,1,0,0
488,cb738b76-b2c9-11e9-aba1-701ce7d4d766,1,1,0
489,cbd8b254-b2c9-11e9-bae1-701ce7d4d766,1,1,0
490,ccd4f53a-b2c9-11e9-be12-701ce7d4d766,0,0,0
491,cf512128-b2c9-11e9-a4ad-701ce7d4d766,0,0,0
492,d004d6d8-b2c9-11e9-b588-701ce7d4d766,0,0,1
493,d11935c8-b2c9-11e9-9fa6-701ce7d4d766,0,0,0
494,d341fc7a-b2c9-11e9-85eb-701ce7d4d766,1,1,0
495,d436c254-b2c9-11e9-a248-701ce7d4d766,0,0,0
496,d4aa293a-b2c9-11e9-af57-701ce7d4d766,0,0,0
497,d57bea18-b2c9-11e9-9f32-701ce7d4d766,0,0,0
498,d6308e00-b2c9-11e9-a787-701ce7d4d766,0,0,0
499,d729eafa-b2c9-11e9-bceb-701ce7d4d766,1,1,0
500,d7d67cf4-b2c9-11e9-be1e-701ce7d4d766,1,1,0
501,d82fbf38-b2c9-11e9-a5be-701ce7d4d766,1,1,0
502,da02f674-b2c9-11e9-96d7-701ce7d4d766,1,0,0
503,dc3b4834-b2c9-11e9-87de-701ce7d4d766,1,1,0
504,dd07ad80-b2c9-11e9-ac11-701ce7d4d766,1,0,0
505,ddc13878-b2c9-11e9-902c-701ce7d4d766,1,0,0
506,de7ebc10-b2c9-11e9-aa52-701ce7d4d766,0,0,1
507,e15a2df6-b2c9-11e9-b108-701ce7d4d766,0,0,0
508,e2d28b88-b2c9-11e9-83e2-701ce7d4d766,1,0,0
509,e3df3a02-b2c9-11e9-8f8e-701ce7d4d766,1,0,0
510,e48156c2-b2c9-11e9-bc60-701ce7d4d766,1,0,1
511,e5365e80-b2c9-11e9-a25f-701ce7d4d766,1,0,0
512,e5bbc2f6-b2c9-11e9-9f73-701ce7d4d766,1,0,0
513,e6fa66ae-b2c9-11e9-bf86-701ce7d4d766,1,0,0
